navi,affiliate_id_affiliate,absolute_control,first_reg_date,is_apply,is_plan_detail,uuid_cnt,is_complete,is_kr
affiliate_landing,,,2023-04-11,3,29,3007,3,31
other,,control,2023-06-14,271,175,1236,73,357
affiliate_plan_finder_select_mno,paybooc,experimental,2023-06-16,10,4,176,0,11
short_plan_finder_intro,,control,2023-06-20,2,1,27,0,2
affiliate_landing,paybooc,experimental,2023-06-09,21,7,379,2,25
new_plan_intro,,experimental,2023-05-15,15,11,274,1,26
event_detail,,experimental,2023-06-28,0,0,179,0,0
affiliate_landing,banksalad,control,2023-06-29,4,1,16,0,4
affiliate_landing,,experimental,2023-04-10,0,0,5,0,0
affiliate_landing,paybooc,control,2023-06-07,1,0,41,0,1
affiliate_landing,paybooc,control,2023-06-18,2,0,30,0,2
affiliate_plan_finder_select_mno,paybooc,experimental,2023-06-10,2,0,6,1,2
affiliate_plan_finder_select_mno,banksalad,control,2023-06-25,0,0,2,0,0
other,,,2023-04-19,0,0,2,0,0
other,,control,2023-05-06,134,84,759,23,181
other,,experimental,2023-04-23,1645,1359,8788,380,2534
affiliate_landing,,experimental,2023-05-19,22,9,1112,4,26
affiliate_landing,,experimental,2023-04-14,54,32,3205,6,73
affiliate_landing,,experimental,2023-04-27,40,19,2177,5,49
affiliate_plan_finder_select_mno,banksalad,experimental,2023-06-01,1,0,2,0,1
new_plan_intro,,experimental,2023-06-25,0,0,1,0,0
affiliate_landing,joongna,experimental,2023-05-25,2,1,14,0,3
other,,,2023-06-21,0,0,1,0,0
affiliate_plan_finder_result,,control,2023-06-21,1,1,2,0,1
event_detail,,experimental,2023-05-12,0,0,1,0,0
affiliate_plan_finder_result,,experimental,2023-06-16,0,0,1,0,0
affiliate_landing,a-bly,control,2023-06-16,3,0,69,0,3
affiliate_landing,finnq,control,2023-06-02,0,1,16,0,1
affiliate_landing,,experimental,2023-04-09,0,0,5,0,1
new_plan_intro,,experimental,2023-06-23,0,0,5,0,0
event_detail,,control,2023-06-02,1,0,3,0,1
other,,experimental,2023-06-10,1585,1004,8388,299,2113
other,,experimental,2023-04-30,1465,1240,8500,342,2239
other,,control,2023-05-01,342,239,1542,73,489
affiliate_landing,finnq,experimental,2023-06-11,1,0,58,1,1
affiliate_landing,,control,2023-04-21,7,4,307,3,9
affiliate_plan_finder_select_mno,a-bly,experimental,2023-06-21,41,18,437,0,50
affiliate_landing,,experimental,2023-05-24,0,0,4,0,0
other,,,2023-06-27,0,0,17,0,0
short_plan_finder_intro,,control,2023-06-22,5,3,49,0,6
affiliate_plan_finder_select_mno,paybooc,control,2023-06-27,0,0,4,0,0
affiliate_plan_finder_select_mno,,control,2023-05-14,2,0,4,1,2
affiliate_plan_finder_result,,experimental,2023-04-15,0,0,3,0,0
other,,,2023-04-24,0,0,1,0,0
affiliate_plan_finder_select_mno,a-bly,experimental,2023-06-12,0,0,1,0,0
affiliate_landing,,experimental,2023-05-10,48,28,2569,6,66
other,,experimental,2023-06-12,2053,1416,11616,616,2794
other,,control,2023-04-18,325,194,1459,63,444
other,,control,2023-05-14,159,110,775,34,221
affiliate_landing,,control,2023-05-08,1,1,287,1,2
short_plan_finder_intro,,experimental,2023-06-23,26,20,65,3,30
event_detail,,control,2023-06-30,0,0,29,0,0
affiliate_landing,a-bly,control,2023-06-22,1,0,30,0,1
affiliate_plan_finder_result,banksalad,experimental,2023-06-27,0,0,3,0,0
affiliate_plan_finder_select_mno,,control,2023-04-27,1,0,7,1,1
affiliate_plan_finder_result,paybooc,experimental,2023-06-27,0,0,2,0,0
affiliate_landing,finnq,control,2023-06-30,0,1,1,0,1
affiliate_plan_finder_select_mno,,experimental,2023-05-23,4,1,11,0,4
affiliate_plan_finder_result,finnq,experimental,2023-06-24,0,0,1,0,0
affiliate_landing,,experimental,2023-06-05,0,0,1,0,0
other,,experimental,2023-05-29,1545,1002,7564,329,2071
affiliate_landing,,,2023-04-07,64,28,3957,8,82
short_plan_finder_intro,,experimental,2023-06-27,19,15,76,3,25
affiliate_plan_finder_select_mno,,control,2023-04-25,0,0,3,0,0
other,,experimental,2023-05-11,1979,1392,10370,324,2838
other,,experimental,2023-06-08,1741,1206,9848,412,2383
other,,experimental,2023-05-26,1693,1096,9179,367,2350
affiliate_landing,,experimental,2023-04-12,75,44,4439,15,96
affiliate_plan_finder_select_mno,paybooc,experimental,2023-06-07,2,0,7,0,2
affiliate_landing,paybooc,experimental,2023-05-24,29,8,965,5,31
other,,control,2023-04-09,0,0,266,0,65
event_detail,,experimental,2023-06-03,45,7,552,0,50
affiliate_landing,paybooc,experimental,2023-06-19,7,1,190,3,8
new_plan_intro,,experimental,2023-05-25,5,3,34,0,6
affiliate_landing,finnq,control,2023-05-25,2,0,17,0,2
affiliate_plan_finder_select_mno,,experimental,2023-05-25,4,2,9,2,4
affiliate_landing,finnq,control,2023-06-05,1,0,9,0,1
other,,control,2023-05-07,128,99,753,24,197
other,,control,2023-04-10,3,2,436,1,123
new_plan_intro,,experimental,2023-05-06,8,4,83,0,11
affiliate_landing,paybooc,control,2023-06-16,1,0,41,0,1
affiliate_plan_finder_select_mno,finnq,experimental,2023-06-19,0,0,16,0,0
affiliate_plan_finder_select_mno,,experimental,2023-04-19,2,2,30,1,3
affiliate_landing,finnq,experimental,2023-06-13,4,0,68,0,4
affiliate_plan_finder_select_mno,,control,2023-05-09,0,0,12,0,0
affiliate_plan_finder_result,,experimental,2023-05-03,0,0,1,0,0
other,,experimental,2023-04-17,2497,1755,11974,408,3565
other,,experimental,2023-04-28,2155,1402,10741,515,3018
other,,experimental,2023-04-21,2703,1705,13075,917,3804
short_plan_finder_intro,,control,2023-06-05,2,1,29,0,2
affiliate_plan_finder_select_mno,a-bly,experimental,2023-06-26,36,11,463,1,38
affiliate_landing,paybooc,experimental,2023-06-07,24,4,386,3,25
new_plan_intro,,experimental,2023-05-21,17,5,178,1,22
affiliate_plan_finder_select_mno,a-bly,experimental,2023-06-30,16,25,481,6,32
new_plan_intro,,experimental,2023-06-02,1,0,27,0,1
affiliate_landing,paybooc,control,2023-06-12,1,0,36,0,1
affiliate_plan_finder_result,finnq,experimental,2023-06-28,0,0,2,0,0
other,,,2023-06-13,0,0,1,0,0
affiliate_plan_finder_select_mno,,control,2023-05-28,0,0,1,0,0
affiliate_landing,banksalad,control,2023-06-20,0,0,1,0,0
other,,experimental,2023-05-10,2045,1447,10854,322,2912
other,,experimental,2023-06-05,2078,1408,10992,521,2843
other,,control,2023-04-17,255,172,1307,33,371
new_plan_intro,,experimental,2023-05-17,6,6,150,0,11
short_plan_finder_intro,,experimental,2023-06-22,40,36,244,4,55
affiliate_landing,,experimental,2023-04-21,62,29,3067,10,81
affiliate_plan_finder_select_mno,a-bly,experimental,2023-06-27,26,4,334,0,26
affiliate_plan_finder_select_mno,a-bly,experimental,2023-06-14,6,0,51,0,6
affiliate_landing,paybooc,control,2023-06-20,1,2,35,0,2
affiliate_landing,finnq,experimental,2023-05-29,5,2,121,1,6
affiliate_plan_finder_select_mno,paybooc,experimental,2023-06-23,16,6,363,1,18
affiliate_plan_finder_select_mno,paybooc,experimental,2023-06-03,2,0,20,0,2
affiliate_plan_finder_select_mno,,experimental,2023-04-15,5,0,32,0,5
affiliate_plan_finder_result,paybooc,experimental,2023-06-18,3,0,5,0,3
affiliate_landing,,control,2023-06-12,0,1,1,0,1
affiliate_plan_finder_select_mno,,experimental,2023-05-06,6,1,82,3,6
affiliate_landing,a-bly,experimental,2023-06-15,62,13,1098,1,64
affiliate_plan_finder_select_mno,,experimental,2023-04-30,7,4,69,0,9
affiliate_landing,banksalad,control,2023-06-25,0,0,23,0,0
affiliate_plan_finder_select_mno,a-bly,control,2023-06-15,0,0,10,0,0
affiliate_plan_finder_select_mno,paybooc,experimental,2023-06-11,1,0,5,0,1
other,,,2023-05-16,0,0,2,0,0
affiliate_plan_finder_select_mno,paybooc,control,2023-06-16,0,0,2,0,0
affiliate_landing,,control,2023-05-01,10,5,565,2,11
other,,experimental,2023-04-15,1479,1148,9615,248,2272
affiliate_landing,paybooc,experimental,2023-06-06,17,5,442,8,17
affiliate_landing,,experimental,2023-05-03,59,33,3165,7,76
other,,experimental,2023-06-21,1727,1334,12600,491,2435
new_plan_intro,,experimental,2023-05-27,1,1,10,0,1
new_plan_intro,,experimental,2023-05-12,8,4,127,0,13
affiliate_landing,finnq,experimental,2023-06-14,3,1,80,0,3
affiliate_landing,paybooc,control,2023-06-15,0,0,46,0,0
affiliate_landing,joongna,experimental,2023-05-28,3,3,39,0,5
affiliate_plan_finder_result,a-bly,experimental,2023-06-19,0,0,8,0,0
affiliate_landing,finnq,control,2023-05-26,1,2,15,0,2
affiliate_plan_finder_select_mno,finnq,control,2023-06-26,0,0,1,0,0
affiliate_plan_finder_select_mno,finnq,experimental,2023-06-06,0,0,2,0,0
event_detail,,,2023-06-02,1,1,2,0,1
affiliate_landing,,control,2023-06-13,0,0,4,0,0
affiliate_plan_finder_result,finnq,experimental,2023-06-23,0,0,1,0,0
other,,,2023-05-18,0,0,1,0,0
new_plan_intro,,control,2023-05-19,0,0,1,0,0
affiliate_landing,,experimental,2023-05-07,51,21,2584,6,59
other,,control,2023-05-18,195,125,997,32,267
other,,control,2023-05-29,195,115,839,40,254
affiliate_landing,,control,2023-05-12,6,2,146,0,6
affiliate_landing,,control,2023-04-25,7,2,335,0,9
new_plan_intro,,experimental,2023-05-31,4,2,66,0,6
new_plan_intro,,,2023-04-30,2,5,6,0,5
affiliate_landing,a-bly,control,2023-06-21,1,1,29,0,1
short_plan_finder_intro,,control,2023-06-02,0,0,4,0,0
affiliate_plan_finder_select_mno,finnq,experimental,2023-06-21,6,3,53,0,9
short_plan_finder_intro,,control,2023-06-15,1,0,25,0,1
affiliate_plan_finder_result,paybooc,experimental,2023-05-22,1,1,1,1,1
affiliate_landing,,,2023-05-01,1,1,2,0,1
affiliate_plan_finder_select_mno,paybooc,control,2023-06-05,0,0,1,0,0
other,,,2023-04-08,2910,2120,12570,1144,4028
other,,control,2023-05-15,222,149,1131,50,310
short_plan_finder_intro,,experimental,2023-06-14,31,12,362,2,36
affiliate_plan_finder_select_mno,,experimental,2023-05-03,8,5,99,2,9
new_plan_intro,,control,2023-06-19,0,0,1,0,0
affiliate_plan_finder_result,,experimental,2023-05-02,0,0,7,0,0
affiliate_plan_finder_result,,experimental,2023-04-17,0,0,1,0,0
event_detail,,control,2023-06-01,0,0,2,0,0
other,,,2023-05-19,0,0,1,0,0
other,,,2023-04-09,2363,1658,10682,964,3209
other,,control,2023-06-19,211,137,1311,52,275
affiliate_landing,a-bly,experimental,2023-06-19,26,12,385,0,35
affiliate_landing,finnq,experimental,2023-05-31,3,2,87,1,3
affiliate_landing,finnq,experimental,2023-06-04,4,1,76,0,5
affiliate_landing,banksalad,control,2023-06-30,1,0,12,0,1
affiliate_plan_finder_result,,experimental,2023-04-12,0,0,4,0,0
affiliate_landing,finnq,control,2023-06-16,1,0,8,0,1
affiliate_landing,finnq,control,2023-06-01,0,0,5,0,0
other,,,2023-05-23,0,0,2,0,0
affiliate_plan_finder_select_mno,finnq,control,2023-06-25,0,0,1,0,0
new_plan_intro,,experimental,2023-06-19,0,0,1,0,0
affiliate_landing,,experimental,2023-05-08,52,31,2475,9,71
other,,experimental,2023-05-19,1547,989,8341,304,2130
other,,control,2023-06-30,100,91,839,22,145
new_plan_intro,,experimental,2023-05-19,9,7,314,0,16
affiliate_plan_finder_select_mno,,,2023-04-07,1,0,23,0,1
new_plan_intro,,experimental,2023-05-20,4,5,155,0,9
affiliate_landing,paybooc,control,2023-06-26,0,0,30,0,0
affiliate_plan_finder_select_mno,,control,2023-05-18,0,0,3,0,0
affiliate_plan_finder_select_mno,paybooc,experimental,2023-06-04,1,0,11,1,1
affiliate_plan_finder_select_mno,finnq,experimental,2023-06-10,0,0,2,0,0
affiliate_landing,,experimental,2023-05-31,0,0,1,0,0
affiliate_plan_finder_select_mno,,control,2023-04-11,0,0,2,0,0
affiliate_landing,,control,2023-05-17,6,1,128,2,6
new_plan_intro,,experimental,2023-05-24,2,1,72,0,2
affiliate_landing,paybooc,control,2023-05-23,0,0,20,0,0
affiliate_plan_finder_select_mno,paybooc,experimental,2023-06-01,3,0,13,1,3
affiliate_landing,banksalad,control,2023-06-27,2,2,23,0,3
affiliate_plan_finder_result,paybooc,experimental,2023-06-20,0,0,6,0,0
short_plan_finder_intro,,control,2023-06-14,1,0,26,0,1
affiliate_plan_finder_result,paybooc,experimental,2023-06-14,0,0,2,0,0
other,,experimental,2023-04-27,2507,1696,12129,649,3472
other,,experimental,2023-06-11,1678,1301,20228,412,2400
other,,control,2023-06-03,177,122,876,46,243
other,,control,2023-06-01,419,272,1914,106,568
other,,experimental,2023-06-24,1226,878,8654,339,1665
affiliate_landing,paybooc,experimental,2023-05-25,12,4,986,1,15
event_detail,,experimental,2023-05-31,25,2,235,0,25
affiliate_plan_finder_select_mno,,control,2023-05-20,1,1,6,0,2
affiliate_plan_finder_select_mno,a-bly,control,2023-06-25,0,0,4,0,0
affiliate_plan_finder_result,,,2023-04-07,1,1,2,1,1
affiliate_landing,,experimental,2023-06-01,0,0,2,0,0
other,,experimental,2023-04-12,3017,2216,14466,655,4424
other,,experimental,2023-06-18,1188,944,9971,343,1740
other,,control,2023-06-29,183,135,1232,20,235
affiliate_landing,paybooc,control,2023-06-27,1,1,49,0,2
affiliate_landing,a-bly,control,2023-06-18,1,0,64,0,1
other,,control,2023-06-12,280,178,1355,73,367
other,,experimental,2023-04-10,29,22,3646,12,1006
other,,experimental,2023-05-27,1193,763,6355,203,1662
new_plan_intro,,experimental,2023-05-28,0,0,10,0,0
affiliate_landing,,experimental,2023-04-17,54,30,3163,8,76
new_plan_intro,,experimental,2023-05-11,3,1,174,1,4
other,,control,2023-06-18,100,83,947,34,157
affiliate_plan_finder_select_mno,paybooc,experimental,2023-06-25,15,4,304,2,17
affiliate_landing,,control,2023-04-15,5,1,339,1,7
affiliate_landing,paybooc,control,2023-05-28,6,0,113,1,6
affiliate_plan_finder_select_mno,,experimental,2023-04-13,4,2,36,1,5
short_plan_finder_intro,,control,2023-06-11,5,2,51,0,6
affiliate_plan_finder_select_mno,,control,2023-05-12,1,1,7,0,2
event_detail,,experimental,2023-06-15,0,0,27,0,0
affiliate_plan_finder_select_mno,finnq,experimental,2023-06-14,0,0,3,0,0
affiliate_plan_finder_result,paybooc,experimental,2023-06-16,1,0,5,0,1
affiliate_plan_finder_result,paybooc,experimental,2023-06-22,0,1,12,0,1
affiliate_landing,,experimental,2023-05-28,0,0,3,0,0
other,,experimental,2023-05-05,1504,929,7747,208,2062
affiliate_landing,,,2023-04-10,19,33,5528,8,45
other,,control,2023-06-02,252,161,1286,55,346
event_detail,,experimental,2023-06-24,0,1,191,0,1
affiliate_landing,finnq,experimental,2023-06-06,8,1,71,1,8
affiliate_landing,,control,2023-04-14,7,3,344,2,8
affiliate_landing,a-bly,experimental,2023-06-17,35,7,499,0,37
event_detail,,control,2023-06-29,1,0,56,0,1
affiliate_landing,finnq,control,2023-06-15,0,0,11,0,0
affiliate_plan_finder_select_mno,finnq,experimental,2023-06-03,0,0,2,0,0
affiliate_plan_finder_select_mno,paybooc,control,2023-06-26,0,0,5,0,0
affiliate_plan_finder_select_mno,,experimental,2023-05-19,4,3,16,1,4
affiliate_landing,,control,2023-04-08,0,0,1,0,0
affiliate_plan_finder_select_mno,paybooc,control,2023-06-14,0,0,2,0,0
affiliate_plan_finder_select_mno,banksalad,control,2023-06-23,0,1,3,0,1
other,,experimental,2023-05-06,1328,900,7300,227,1895
event_detail,,experimental,2023-06-02,64,6,570,1,65
affiliate_plan_finder_select_mno,paybooc,experimental,2023-06-27,21,4,382,4,22
other,,control,2023-06-25,138,94,882,45,173
new_plan_intro,,experimental,2023-06-21,0,0,9,0,0
affiliate_plan_finder_select_mno,,experimental,2023-05-20,0,1,14,0,1
affiliate_plan_finder_select_mno,finnq,experimental,2023-06-01,0,0,3,0,0
other,,,2023-06-16,0,0,1,0,0
affiliate_landing,,experimental,2023-06-10,0,0,1,0,0
affiliate_plan_finder_select_mno,paybooc,control,2023-06-15,0,0,2,0,0
new_plan_intro,,experimental,2023-04-28,0,0,1,0,0
other,,control,2023-05-12,206,120,1010,35,275
event_detail,,experimental,2023-06-20,1,2,458,0,3
affiliate_plan_finder_select_mno,,control,2023-04-19,0,0,3,0,0
new_plan_intro,,control,2023-06-22,0,0,2,0,0
affiliate_landing,joongna,experimental,2023-06-01,1,0,1,0,1
other,,control,2023-06-05,204,150,1192,56,287
affiliate_landing,paybooc,experimental,2023-06-15,7,1,174,2,8
event_detail,,experimental,2023-06-06,57,7,543,0,58
affiliate_plan_finder_select_mno,banksalad,experimental,2023-06-24,16,8,175,3,21
affiliate_plan_finder_select_mno,,control,2023-04-13,1,0,9,0,1
new_plan_intro,,experimental,2023-06-05,4,2,75,0,5
affiliate_plan_finder_select_mno,,experimental,2023-04-20,6,0,35,0,6
affiliate_landing,finnq,control,2023-06-03,1,1,5,1,2
affiliate_plan_finder_select_mno,paybooc,control,2023-06-29,1,0,3,0,1
short_plan_finder_intro,,experimental,2023-06-30,0,0,2,0,0
other,,control,2023-05-13,154,92,799,35,215
affiliate_landing,,control,2023-05-07,3,3,306,1,5
affiliate_landing,,control,2023-04-26,7,0,284,1,7
event_detail,,experimental,2023-06-25,0,3,263,0,4
affiliate_plan_finder_select_mno,,experimental,2023-05-15,8,3,93,3,11
affiliate_plan_finder_select_mno,,experimental,2023-05-31,3,0,10,1,3
affiliate_plan_finder_result,a-bly,experimental,2023-06-14,4,1,27,0,4
affiliate_landing,a-bly,,2023-06-15,1,1,1,0,1
other,,experimental,2023-06-09,1870,1248,10464,451,2565
affiliate_landing,paybooc,experimental,2023-05-28,21,4,932,4,22
new_plan_intro,,experimental,2023-06-16,2,0,111,0,2
other,,,2023-04-07,2301,1386,10311,675,2996
other,,experimental,2023-06-16,1416,1071,10152,412,2028
other,,control,2023-06-09,212,149,1143,57,287
affiliate_landing,a-bly,experimental,2023-06-14,103,18,1493,8,107
event_detail,,experimental,2023-06-18,2,10,1096,0,10
short_plan_finder_intro,,experimental,2023-06-03,6,1,458,0,8
affiliate_landing,,control,2023-05-19,3,1,119,0,4
new_plan_intro,,experimental,2023-06-01,2,0,36,0,2
affiliate_plan_finder_select_mno,,experimental,2023-05-22,4,1,25,0,4
affiliate_landing,finnq,experimental,2023-06-02,5,2,84,1,6
affiliate_plan_finder_select_mno,paybooc,experimental,2023-06-06,2,0,10,1,2
affiliate_landing,,experimental,2023-06-12,1,1,1,0,1
affiliate_plan_finder_select_mno,paybooc,experimental,2023-06-05,0,0,9,0,0
affiliate_plan_finder_select_mno,paybooc,control,2023-06-10,1,0,1,0,1
affiliate_plan_finder_select_mno,banksalad,control,2023-06-29,0,0,2,0,0
affiliate_landing,,,2023-04-19,0,0,1,0,0
other,,control,2023-06-07,244,153,1107,60,319
affiliate_plan_finder_select_mno,paybooc,experimental,2023-06-19,11,3,200,0,12
affiliate_landing,paybooc,experimental,2023-05-30,12,1,639,1,13
affiliate_plan_finder_result,paybooc,experimental,2023-06-13,3,0,8,0,3
affiliate_landing,finnq,experimental,2023-06-16,7,0,51,0,7
affiliate_landing,joongna,experimental,2023-05-27,3,4,35,1,5
affiliate_landing,finnq,control,2023-05-30,1,1,17,0,2
affiliate_landing,finnq,control,2023-06-25,0,0,7,0,0
new_plan_intro,,experimental,2023-05-30,1,1,20,0,2
new_plan_intro,,experimental,2023-06-15,0,1,1,0,1
affiliate_plan_finder_result,,experimental,2023-06-13,0,0,1,0,0
new_plan_intro,,,2023-05-02,0,0,1,0,0
affiliate_plan_finder_select_mno,,,2023-04-11,1,1,108,4,2
other,,control,2023-06-23,150,137,1202,46,238
affiliate_plan_finder_result,paybooc,experimental,2023-06-28,1,0,7,0,1
affiliate_plan_finder_select_mno,banksalad,experimental,2023-06-27,21,7,240,0,23
short_plan_finder_intro,,control,2023-06-29,0,0,2,0,0
new_plan_intro,,experimental,2023-06-26,1,1,1,0,1
other,,experimental,2023-05-13,1224,836,6976,245,1742
affiliate_landing,,experimental,2023-04-26,54,38,2768,10,80
affiliate_plan_finder_select_mno,paybooc,experimental,2023-06-26,15,0,319,2,15
affiliate_landing,paybooc,control,2023-06-17,0,0,35,0,0
affiliate_plan_finder_select_mno,paybooc,experimental,2023-06-30,13,11,238,0,23
short_plan_finder_intro,,experimental,2023-06-13,26,10,347,0,29
affiliate_landing,,control,2023-04-28,5,0,246,1,5
new_plan_intro,,experimental,2023-04-29,6,6,54,0,10
affiliate_landing,,control,2023-06-27,0,0,4,0,0
affiliate_plan_finder_select_mno,banksalad,control,2023-06-24,0,0,1,0,0
other,,control,2023-04-29,194,148,1007,54,294
affiliate_plan_finder_select_mno,,control,2023-05-02,2,1,18,1,2
affiliate_plan_finder_result,a-bly,experimental,2023-06-20,1,0,8,0,1
affiliate_landing,,control,2023-05-11,8,1,152,2,8
affiliate_landing,finnq,control,2023-06-26,0,0,4,0,0
new_plan_intro,,experimental,2023-05-29,1,0,16,0,1
affiliate_plan_finder_result,finnq,experimental,2023-06-21,0,1,2,0,1
new_plan_intro,,control,2023-06-21,0,0,2,0,0
other,,control,2023-05-17,182,126,1007,27,257
affiliate_landing,paybooc,control,2023-06-05,0,0,51,0,0
short_plan_finder_intro,,experimental,2023-06-26,23,22,89,6,32
affiliate_plan_finder_select_mno,paybooc,experimental,2023-06-20,16,7,417,1,18
affiliate_landing,,control,2023-04-30,7,9,230,0,12
affiliate_plan_finder_select_mno,,experimental,2023-04-16,2,1,30,0,3
affiliate_plan_finder_select_mno,,experimental,2023-04-22,4,2,33,0,4
new_plan_intro,,experimental,2023-05-03,3,2,25,0,4
affiliate_plan_finder_result,a-bly,experimental,2023-06-17,0,0,4,0,0
event_detail,,control,2023-05-28,0,0,1,0,0
affiliate_landing,banksalad,control,2023-06-02,0,0,1,0,0
affiliate_plan_finder_result,,,2023-04-11,0,0,6,0,0
affiliate_plan_finder_select_mno,paybooc,control,2023-06-18,0,0,1,0,0
new_plan_intro,,experimental,2023-06-24,1,1,1,0,1
affiliate_landing,,control,2023-05-26,0,0,1,0,0
affiliate_plan_finder_result,,experimental,2023-05-06,0,0,1,0,0
other,,experimental,2023-05-25,1539,1100,8701,344,2231
other,,,2023-04-11,1651,1175,9148,542,2271
affiliate_landing,,experimental,2023-04-25,69,26,3230,6,81
affiliate_plan_finder_select_mno,banksalad,experimental,2023-06-25,25,13,268,4,29
short_plan_finder_intro,,experimental,2023-06-11,17,11,408,2,27
affiliate_landing,joongna,experimental,2023-05-29,3,1,37,0,3
affiliate_landing,paybooc,experimental,2023-05-23,9,4,207,2,9
affiliate_plan_finder_select_mno,,experimental,2023-05-12,3,0,29,1,3
affiliate_landing,finnq,experimental,2023-06-10,7,1,72,0,8
affiliate_plan_finder_select_mno,,control,2023-04-17,0,0,4,0,0
affiliate_plan_finder_select_mno,paybooc,experimental,2023-06-09,3,2,7,1,5
affiliate_plan_finder_result,paybooc,experimental,2023-06-19,1,0,5,0,1
affiliate_landing,,control,2023-06-21,1,0,2,0,1
event_detail,,control,2023-05-16,0,0,2,0,0
affiliate_plan_finder_select_mno,,experimental,2023-05-01,9,5,201,2,12
other,,control,2023-05-11,205,151,1164,33,302
short_plan_finder_intro,,experimental,2023-06-25,25,19,69,4,30
affiliate_plan_finder_select_mno,banksalad,experimental,2023-06-26,27,10,276,2,29
event_detail,,experimental,2023-05-26,1,0,70,1,1
affiliate_plan_finder_select_mno,,control,2023-05-01,1,1,18,0,2
affiliate_plan_finder_select_mno,paybooc,control,2023-06-20,0,0,2,0,0
short_plan_finder_intro,,control,2023-06-12,2,2,36,0,2
affiliate_landing,finnq,control,2023-06-17,0,1,6,0,1
affiliate_plan_finder_select_mno,paybooc,experimental,2023-06-08,1,0,11,0,2
other,,,2023-06-20,0,0,3,0,0
other,,,2023-05-22,0,0,3,0,0
affiliate_plan_finder_select_mno,finnq,experimental,2023-05-31,0,0,1,0,0
affiliate_plan_finder_select_mno,,,2023-05-09,0,0,1,0,1
affiliate_landing,paybooc,experimental,2023-05-27,23,8,1011,4,26
other,,control,2023-05-21,108,94,798,25,173
affiliate_plan_finder_select_mno,banksalad,experimental,2023-06-23,27,9,292,1,31
other,,control,2023-06-27,218,164,1350,68,299
affiliate_plan_finder_select_mno,banksalad,experimental,2023-06-29,7,21,161,0,25
affiliate_landing,,control,2023-04-19,6,7,356,2,10
event_detail,,experimental,2023-06-26,2,4,177,0,5
event_detail,,control,2023-06-24,0,0,5,0,0
affiliate_plan_finder_select_mno,,control,2023-05-22,0,1,3,0,1
affiliate_plan_finder_select_mno,,experimental,2023-05-11,5,3,31,0,5
other,,experimental,2023-05-08,2104,1448,12419,384,3028
other,,control,2023-04-30,173,127,997,33,260
event_detail,,experimental,2023-05-29,24,2,338,0,26
affiliate_landing,,control,2023-04-13,5,1,401,1,6
other,,control,2023-06-16,148,128,1039,34,211
affiliate_plan_finder_select_mno,,experimental,2023-04-28,4,3,57,1,7
affiliate_landing,,control,2023-05-15,3,2,560,2,4
affiliate_plan_finder_select_mno,paybooc,experimental,2023-06-29,21,16,321,3,31
affiliate_plan_finder_select_mno,,experimental,2023-05-24,3,2,15,1,3
affiliate_plan_finder_select_mno,finnq,experimental,2023-06-11,0,0,2,0,0
affiliate_plan_finder_select_mno,,control,2023-04-20,0,0,3,0,0
affiliate_plan_finder_result,,experimental,2023-04-19,0,0,1,0,0
other,,experimental,2023-04-14,1966,1430,12104,280,2912
affiliate_landing,,experimental,2023-05-04,39,21,2731,8,50
short_plan_finder_intro,,experimental,2023-06-09,25,5,347,1,33
affiliate_landing,,,2023-04-09,27,40,3480,10,61
affiliate_landing,,experimental,2023-04-23,37,30,2859,6,55
short_plan_finder_intro,,control,2023-06-07,0,0,9,0,0
affiliate_landing,finnq,control,2023-05-27,1,0,10,0,1
other,,,2023-06-25,0,0,8,0,0
affiliate_plan_finder_select_mno,,control,2023-04-26,0,0,8,0,0
short_plan_finder_intro,,,2023-06-23,0,0,1,0,0
affiliate_landing,finnq,control,2023-06-22,0,0,6,0,0
affiliate_landing,finnq,control,2023-06-09,0,0,7,0,0
affiliate_plan_finder_select_mno,,control,2023-05-16,0,0,6,0,0
affiliate_plan_finder_select_mno,finnq,control,2023-06-03,0,0,1,0,0
affiliate_landing,,experimental,2023-04-08,0,0,3,0,2
affiliate_plan_finder_result,paybooc,experimental,2023-05-23,1,0,1,0,1
affiliate_plan_finder_select_mno,finnq,experimental,2023-06-05,1,0,2,0,1
affiliate_landing,,experimental,2023-04-28,44,22,2234,2,54
affiliate_landing,paybooc,control,2023-05-24,5,3,116,2,8
event_detail,,experimental,2023-06-07,48,7,503,0,50
affiliate_landing,,experimental,2023-04-11,27,12,1472,4,35
affiliate_landing,,control,2023-04-29,8,7,269,1,12
other,,experimental,2023-06-19,1772,1392,13045,532,2510
short_plan_finder_intro,,experimental,2023-06-12,18,8,359,2,31
affiliate_landing,paybooc,control,2023-06-28,6,1,48,0,7
affiliate_plan_finder_result,,control,2023-06-20,0,0,1,0,0
affiliate_plan_finder_select_mno,banksalad,control,2023-06-27,0,0,1,0,0
other,,control,2023-05-20,100,89,750,27,162
short_plan_finder_intro,,experimental,2023-06-10,26,9,437,1,32
other,,control,2023-04-13,293,213,1502,63,414
other,,experimental,2023-05-22,2020,1544,12294,481,3002
other,,control,2023-05-23,206,181,1239,33,315
affiliate_plan_finder_select_mno,paybooc,experimental,2023-06-15,18,4,202,0,20
affiliate_landing,,experimental,2023-04-15,58,35,3178,8,80
affiliate_landing,paybooc,experimental,2023-06-02,19,3,403,2,20
event_detail,,control,2023-06-28,0,0,59,0,0
affiliate_plan_finder_select_mno,,experimental,2023-05-17,1,1,24,0,2
affiliate_landing,,control,2023-06-01,0,0,2,0,0
short_plan_finder_intro,,experimental,2023-06-06,3,4,101,0,6
affiliate_plan_finder_select_mno,a-bly,control,2023-06-29,1,0,5,0,1
affiliate_landing,joongna,experimental,2023-05-31,3,1,34,0,5
affiliate_landing,,experimental,2023-06-03,0,0,2,0,0
affiliate_plan_finder_result,banksalad,experimental,2023-06-29,0,0,1,0,0
other,,experimental,2023-04-26,2896,2028,13226,670,4093
other,,control,2023-04-27,253,168,1352,75,361
other,,control,2023-04-16,158,141,995,31,247
other,,control,2023-06-15,242,151,1189,62,315
affiliate_landing,finnq,experimental,2023-05-28,9,4,88,0,10
affiliate_landing,paybooc,experimental,2023-06-13,10,1,142,3,10
affiliate_landing,banksalad,control,2023-06-26,4,0,28,1,4
affiliate_landing,finnq,experimental,2023-06-07,8,1,72,0,8
short_plan_finder_intro,,control,2023-06-26,3,2,4,0,3
affiliate_plan_finder_select_mno,,control,2023-05-15,2,0,12,0,2
affiliate_landing,joongna,experimental,2023-05-30,0,1,31,0,1
new_plan_intro,,experimental,2023-06-29,0,0,1,0,0
affiliate_landing,,control,2023-05-05,6,4,336,2,8
other,,control,2023-06-04,152,105,838,28,208
other,,experimental,2023-06-25,1264,947,8739,352,1734
affiliate_landing,,experimental,2023-04-19,70,38,3270,14,94
short_plan_finder_intro,,experimental,2023-06-21,18,11,204,1,21
affiliate_landing,finnq,experimental,2023-05-23,4,4,55,0,6
affiliate_landing,paybooc,control,2023-05-26,4,1,88,0,5
other,,,2023-06-26,0,0,14,0,0
affiliate_plan_finder_select_mno,paybooc,control,2023-06-12,2,1,4,0,2
affiliate_landing,a-bly,control,2023-06-27,0,1,17,0,1
affiliate_plan_finder_result,paybooc,experimental,2023-06-21,1,0,4,0,1
affiliate_landing,,control,2023-05-28,0,0,1,0,0
other,,experimental,2023-06-13,2110,1489,11400,652,2863
affiliate_landing,,control,2023-04-24,6,1,322,1,7
affiliate_plan_finder_select_mno,a-bly,experimental,2023-06-24,36,5,400,1,37
affiliate_landing,paybooc,control,2023-05-27,0,1,107,0,1
short_plan_finder_intro,,experimental,2023-06-20,13,6,209,1,17
affiliate_landing,a-bly,experimental,2023-06-18,34,7,632,1,36
affiliate_landing,finnq,experimental,2023-05-27,10,3,111,1,12
short_plan_finder_intro,,control,2023-06-10,1,2,47,0,3
new_plan_intro,,experimental,2023-06-18,0,0,3,0,0
affiliate_landing,,experimental,2023-05-27,0,0,2,0,0
affiliate_landing,,experimental,2023-05-01,70,40,5116,17,97
other,,experimental,2023-06-26,1945,1412,12284,597,2598
new_plan_intro,,experimental,2023-06-07,9,8,84,0,14
new_plan_intro,,experimental,2023-05-23,7,4,69,1,8
affiliate_landing,finnq,control,2023-06-20,1,0,7,0,1
affiliate_landing,,control,2023-05-23,1,0,100,0,1
affiliate_landing,finnq,experimental,2023-05-24,13,8,144,3,16
affiliate_landing,paybooc,experimental,2023-06-16,6,0,177,0,6
new_plan_intro,,experimental,2023-05-04,3,1,33,0,4
affiliate_plan_finder_select_mno,,experimental,2023-05-29,8,1,20,2,8
affiliate_plan_finder_select_mno,,control,2023-04-29,3,0,7,0,3
affiliate_plan_finder_result,a-bly,experimental,2023-06-23,0,0,2,0,0
affiliate_landing,,experimental,2023-06-19,0,0,2,0,0
affiliate_plan_finder_result,,control,2023-06-16,0,0,2,0,0
affiliate_plan_finder_result,paybooc,experimental,2023-06-09,0,0,1,0,0
other,,experimental,2023-05-18,1868,1179,9628,344,2527
new_plan_intro,,experimental,2023-05-16,14,9,231,1,17
other,,experimental,2023-04-22,1613,1114,8558,447,2348
affiliate_landing,paybooc,experimental,2023-06-14,13,5,190,2,14
other,,experimental,2023-06-03,1396,948,8150,343,1951
affiliate_landing,paybooc,experimental,2023-06-01,46,12,846,8,47
short_plan_finder_intro,,experimental,2023-06-17,21,7,232,0,23
other,,control,2023-04-15,158,126,1036,31,251
other,,control,2023-05-08,236,165,1393,35,339
affiliate_landing,paybooc,experimental,2023-06-17,7,2,187,1,8
other,,,2023-06-30,0,0,11,0,0
affiliate_plan_finder_select_mno,a-bly,control,2023-06-14,0,0,9,0,0
affiliate_landing,paybooc,control,2023-06-19,2,1,37,0,2
new_plan_intro,,experimental,2023-06-30,0,0,1,0,0
affiliate_plan_finder_result,a-bly,experimental,2023-06-29,0,0,1,0,0
affiliate_landing,,control,2023-06-07,0,0,1,0,0
other,,,2023-04-10,3244,2471,15605,1214,4450
affiliate_landing,,experimental,2023-05-17,28,13,1202,6,36
affiliate_landing,,control,2023-05-22,3,1,151,1,5
other,,control,2023-06-20,212,163,1413,59,302
other,,control,2023-05-03,196,155,1206,42,289
affiliate_landing,paybooc,experimental,2023-05-31,19,4,395,8,20
affiliate_plan_finder_select_mno,finnq,experimental,2023-06-23,3,2,74,0,3
affiliate_landing,a-bly,control,2023-06-25,2,0,35,0,2
event_detail,,control,2023-06-23,0,0,8,0,0
affiliate_plan_finder_result,a-bly,experimental,2023-06-24,0,0,1,0,0
affiliate_landing,finnq,control,2023-06-29,0,0,3,0,0
affiliate_landing,,control,2023-05-18,2,1,141,0,2
new_plan_intro,,experimental,2023-05-10,7,5,167,0,12
affiliate_landing,a-bly,experimental,2023-06-13,96,15,1359,2,103
event_detail,,experimental,2023-05-22,1,1,84,0,1
affiliate_plan_finder_select_mno,finnq,control,2023-06-01,0,0,3,0,0
affiliate_plan_finder_select_mno,a-bly,experimental,2023-06-15,6,1,39,0,7
affiliate_landing,finnq,experimental,2023-06-17,6,1,60,0,6
affiliate_landing,,experimental,2023-05-29,2,0,4,1,2
affiliate_plan_finder_select_mno,,control,2023-05-05,2,0,11,0,2
affiliate_plan_finder_select_mno,finnq,experimental,2023-06-07,0,0,1,0,0
affiliate_plan_finder_select_mno,,experimental,2023-04-23,2,1,24,1,2
affiliate_plan_finder_select_mno,,experimental,2023-05-16,5,3,31,0,5
short_plan_finder_intro,,control,2023-06-16,1,0,15,0,1
other,,,2023-06-24,0,0,6,0,0
affiliate_plan_finder_result,a-bly,experimental,2023-06-13,2,1,11,0,2
affiliate_landing,banksalad,control,2023-06-24,0,0,23,0,0
affiliate_plan_finder_select_mno,banksalad,control,2023-06-30,0,0,2,0,0
event_detail,,experimental,2023-05-11,0,0,1,0,0
affiliate_plan_finder_result,,experimental,2023-04-29,0,0,1,0,0
affiliate_plan_finder_result,banksalad,experimental,2023-06-30,0,3,9,0,3
affiliate_landing,finnq,control,2023-06-12,0,1,4,0,1
affiliate_plan_finder_result,,experimental,2023-04-22,0,0,1,0,0
other,,experimental,2023-04-24,3676,2844,17298,958,5385
other,,experimental,2023-06-01,3556,2293,17159,900,4757
affiliate_landing,paybooc,experimental,2023-06-03,18,6,427,2,21
affiliate_landing,,experimental,2023-05-21,34,16,1079,4,43
affiliate_plan_finder_select_mno,a-bly,experimental,2023-06-23,22,5,383,0,22
event_detail,,experimental,2023-05-15,1,1,579,1,3
affiliate_plan_finder_select_mno,,experimental,2023-05-30,2,0,12,0,2
affiliate_landing,,control,2023-04-11,1,0,173,0,2
affiliate_landing,paybooc,control,2023-06-08,1,0,45,1,1
event_detail,,experimental,2023-05-19,0,0,83,0,2
affiliate_plan_finder_select_mno,finnq,experimental,2023-06-30,3,2,52,0,5
other,,,2023-06-28,0,0,26,0,0
other,,,2023-05-03,0,0,1,0,0
affiliate_plan_finder_select_mno,banksalad,control,2023-06-22,0,0,2,0,0
other,,control,2023-05-19,205,97,965,33,259
affiliate_landing,,control,2023-05-09,3,2,253,1,4
affiliate_landing,,control,2023-05-20,2,0,97,0,2
affiliate_landing,banksalad,control,2023-06-22,2,1,13,1,2
affiliate_plan_finder_select_mno,paybooc,control,2023-06-19,0,0,2,0,0
other,,control,2023-04-12,371,250,1571,85,512
other,,control,2023-05-02,254,183,1415,50,391
other,,experimental,2023-05-14,1214,916,6888,248,1748
affiliate_landing,,control,2023-05-21,4,2,107,1,4
new_plan_intro,,experimental,2023-05-09,7,9,105,0,12
affiliate_landing,paybooc,control,2023-06-24,1,1,33,0,1
affiliate_plan_finder_select_mno,a-bly,control,2023-06-17,1,0,3,0,1
affiliate_plan_finder_select_mno,,experimental,2023-05-28,2,0,17,2,2
affiliate_landing,finnq,control,2023-06-28,1,0,6,0,1
affiliate_plan_finder_select_mno,paybooc,control,2023-06-01,2,0,4,0,2
affiliate_plan_finder_result,,,2023-04-09,0,0,2,1,0
affiliate_landing,,control,2023-06-30,0,0,1,0,0
affiliate_plan_finder_select_mno,,control,2023-05-29,0,0,1,0,0
affiliate_plan_finder_result,finnq,experimental,2023-06-15,0,0,1,0,0
other,,experimental,2023-04-29,1680,1217,8980,390,2400
other,,control,2023-05-04,209,150,1258,33,315
other,,control,2023-04-21,286,174,1439,134,410
affiliate_landing,finnq,experimental,2023-06-19,5,0,46,1,5
affiliate_landing,a-bly,control,2023-06-24,2,0,36,0,2
affiliate_landing,joongna,experimental,2023-05-23,0,1,8,0,1
affiliate_plan_finder_result,a-bly,experimental,2023-06-26,0,0,6,0,0
affiliate_plan_finder_result,banksalad,experimental,2023-06-23,0,0,3,0,0
affiliate_plan_finder_result,finnq,experimental,2023-06-30,0,2,4,0,2
affiliate_plan_finder_select_mno,a-bly,control,2023-06-20,0,0,5,0,0
new_plan_intro,,experimental,2023-06-27,0,0,2,0,0
affiliate_plan_finder_select_mno,a-bly,control,2023-06-19,0,0,2,0,0
affiliate_landing,,experimental,2023-06-14,1,0,2,0,1
other,,control,2023-05-30,228,161,1131,51,312
affiliate_landing,,experimental,2023-05-15,79,21,4913,5,89
event_detail,,experimental,2023-05-24,0,0,99,0,0
affiliate_landing,,experimental,2023-05-12,21,9,1126,9,29
affiliate_plan_finder_select_mno,,experimental,2023-05-02,8,1,102,2,8
affiliate_plan_finder_select_mno,,experimental,2023-04-17,1,0,18,1,1
affiliate_plan_finder_select_mno,paybooc,experimental,2023-06-22,29,14,496,1,34
affiliate_landing,,control,2023-05-13,4,2,135,1,4
short_plan_finder_intro,,control,2023-06-19,0,2,19,0,2
affiliate_plan_finder_select_mno,,control,2023-05-08,0,0,12,0,0
affiliate_landing,paybooc,control,2023-05-30,0,1,60,0,1
affiliate_landing,joongna,control,2023-05-25,0,0,2,0,0
affiliate_plan_finder_select_mno,,experimental,2023-05-21,1,1,12,0,2
affiliate_plan_finder_select_mno,,control,2023-05-11,3,1,6,0,3
new_plan_intro,,,2023-05-01,1,1,2,0,1
affiliate_plan_finder_select_mno,finnq,control,2023-06-22,0,0,1,0,0
affiliate_plan_finder_select_mno,,control,2023-04-15,0,0,2,0,0
other,,experimental,2023-04-07,0,0,1755,0,453
other,,control,2023-06-11,190,143,2303,30,282
other,,control,2023-05-24,181,148,1102,54,288
affiliate_landing,paybooc,control,2023-06-10,1,0,43,0,1
affiliate_plan_finder_result,a-bly,experimental,2023-06-27,0,0,2,0,0
affiliate_plan_finder_select_mno,a-bly,control,2023-06-18,0,0,3,0,0
affiliate_landing,paybooc,control,2023-06-22,3,2,58,0,3
affiliate_plan_finder_select_mno,,control,2023-05-26,0,0,3,0,0
other,,,2023-06-15,0,0,2,0,0
other,,,2023-06-18,0,0,1,0,0
other,,experimental,2023-05-12,1752,1090,9016,366,2409
other,,control,2023-06-22,182,144,1414,46,255
other,,experimental,2023-06-28,1782,1355,11073,359,2375
affiliate_plan_finder_select_mno,finnq,experimental,2023-06-28,4,0,80,1,4
affiliate_landing,finnq,control,2023-06-27,0,0,7,0,0
affiliate_plan_finder_select_mno,finnq,experimental,2023-06-16,1,0,1,0,1
affiliate_landing,a-bly,control,2023-06-09,0,0,1,0,0
affiliate_plan_finder_result,banksalad,experimental,2023-06-22,0,1,3,0,1
affiliate_plan_finder_select_mno,banksalad,control,2023-06-28,0,0,1,0,0
other,,experimental,2023-05-16,1781,1242,10595,331,2474
affiliate_landing,,experimental,2023-05-05,36,27,2827,6,51
other,,experimental,2023-06-17,1040,765,7403,317,1472
affiliate_plan_finder_select_mno,paybooc,experimental,2023-06-17,18,4,191,2,20
affiliate_landing,paybooc,control,2023-06-02,3,1,58,1,3
short_plan_finder_intro,,control,2023-06-21,0,0,29,0,0
affiliate_plan_finder_result,,experimental,2023-05-01,0,0,5,0,0
affiliate_landing,paybooc,control,2023-05-31,1,1,46,1,2
affiliate_plan_finder_result,a-bly,experimental,2023-06-15,6,2,18,0,6
affiliate_plan_finder_select_mno,,control,2023-05-04,0,0,9,0,0
affiliate_plan_finder_result,,experimental,2023-05-12,0,0,1,0,0
other,,control,2023-05-28,131,82,737,22,192
other,,control,2023-04-08,0,0,299,0,76
affiliate_landing,paybooc,control,2023-06-14,0,0,35,0,0
short_plan_finder_intro,,control,2023-06-27,2,1,8,0,2
affiliate_plan_finder_select_mno,noHuddleEmpty,experimental,2023-06-09,1,0,1,0,1
affiliate_plan_finder_result,paybooc,experimental,2023-06-01,0,0,1,0,0
new_plan_intro,,control,2023-06-17,0,0,1,0,0
affiliate_plan_finder_select_mno,a-bly,control,2023-06-23,0,0,3,0,0
affiliate_plan_finder_result,,experimental,2023-04-30,0,0,1,0,0
event_detail,,control,2023-06-22,0,0,1,0,0
affiliate_plan_finder_select_mno,,control,2023-05-31,0,0,1,0,0
other,,control,2023-04-23,197,145,1032,40,290
other,,experimental,2023-05-01,2992,2059,13376,641,4181
other,,control,2023-06-10,210,108,946,40,267
other,,experimental,2023-04-08,0,0,2663,0,668
affiliate_landing,paybooc,experimental,2023-06-11,19,4,386,5,20
affiliate_plan_finder_select_mno,finnq,experimental,2023-06-22,4,1,76,1,4
affiliate_landing,a-bly,control,2023-06-14,4,0,145,0,5
affiliate_plan_finder_select_mno,,control,2023-05-03,0,0,6,0,0
affiliate_plan_finder_select_mno,finnq,experimental,2023-06-18,0,0,1,0,0
event_detail,,experimental,2023-05-16,9,5,1529,1,15
affiliate_landing,paybooc,control,2023-06-11,3,0,53,0,3
other,,control,2023-04-19,248,171,1432,62,364
affiliate_plan_finder_select_mno,a-bly,experimental,2023-06-29,34,29,826,9,56
affiliate_landing,finnq,experimental,2023-06-15,2,3,59,0,4
affiliate_plan_finder_select_mno,,experimental,2023-05-26,3,0,13,1,3
affiliate_plan_finder_select_mno,a-bly,control,2023-06-21,0,0,3,0,0
affiliate_plan_finder_select_mno,a-bly,experimental,2023-06-16,4,1,23,0,4
affiliate_landing,a-bly,experimental,2023-06-09,0,0,5,0,0
affiliate_plan_finder_select_mno,paybooc,control,2023-06-21,0,0,4,0,0
affiliate_plan_finder_select_mno,a-bly,experimental,2023-06-18,1,0,10,0,1
other,,experimental,2023-05-04,1761,1180,10654,309,2573
other,,experimental,2023-06-14,2004,1413,10809,509,2706
affiliate_landing,,experimental,2023-04-22,60,33,2995,7,83
other,,experimental,2023-06-29,1761,1320,11982,276,2278
short_plan_finder_intro,,experimental,2023-06-02,1,0,54,0,1
affiliate_landing,finnq,experimental,2023-05-30,10,3,119,3,10
affiliate_plan_finder_select_mno,a-bly,experimental,2023-06-13,6,1,49,0,6
affiliate_plan_finder_select_mno,,,2023-04-10,0,1,58,1,1
event_detail,,experimental,2023-05-25,2,0,80,0,2
affiliate_landing,paybooc,control,2023-06-29,1,0,44,1,1
affiliate_landing,finnq,control,2023-06-08,1,0,8,0,1
short_plan_finder_intro,,control,2023-06-03,1,0,36,0,1
affiliate_plan_finder_select_mno,finnq,experimental,2023-06-09,0,0,5,0,0
affiliate_landing,joongna,control,2023-05-28,1,0,8,0,1
affiliate_plan_finder_result,,experimental,2023-04-20,0,0,1,0,0
affiliate_plan_finder_select_mno,,control,2023-04-22,0,0,1,0,0
other,,experimental,2023-04-19,2241,1592,12994,646,3304
affiliate_landing,,experimental,2023-04-13,64,28,3682,11,76
event_detail,,experimental,2023-06-05,47,3,525,0,48
affiliate_landing,paybooc,experimental,2023-05-29,26,5,960,2,26
affiliate_landing,,control,2023-04-27,1,4,263,1,5
affiliate_plan_finder_select_mno,paybooc,experimental,2023-06-18,15,2,190,1,16
affiliate_plan_finder_select_mno,,experimental,2023-04-21,2,0,28,0,3
affiliate_plan_finder_select_mno,,control,2023-05-07,1,0,7,0,1
affiliate_landing,,control,2023-06-16,0,0,1,0,0
affiliate_landing,joongna,control,2023-05-29,1,0,2,0,1
other,,experimental,2023-04-18,2710,1748,12798,754,3753
affiliate_plan_finder_select_mno,a-bly,experimental,2023-06-28,33,7,903,3,35
affiliate_plan_finder_select_mno,finnq,experimental,2023-06-20,6,3,64,0,8
new_plan_intro,,control,2023-06-16,0,0,7,0,0
affiliate_plan_finder_select_mno,,control,2023-04-14,1,0,4,0,1
other,,control,2023-04-20,245,134,1159,60,332
affiliate_landing,,control,2023-04-17,6,3,372,1,8
affiliate_plan_finder_select_mno,,experimental,2023-05-13,5,2,22,3,6
affiliate_landing,,experimental,2023-05-30,1,0,4,0,1
affiliate_plan_finder_select_mno,finnq,experimental,2023-06-24,6,2,68,0,6
affiliate_landing,finnq,control,2023-05-29,0,0,11,0,0
affiliate_plan_finder_result,,experimental,2023-04-23,0,0,2,0,0
other,,,2023-04-27,0,0,1,0,0
other,,,2023-05-20,0,0,1,0,0
affiliate_landing,,experimental,2023-04-16,62,37,3074,12,86
other,,control,2023-05-27,145,96,717,25,202
affiliate_landing,,control,2023-05-02,3,2,362,0,5
short_plan_finder_intro,,experimental,2023-06-24,20,16,61,3,24
short_plan_finder_intro,,control,2023-06-18,0,0,15,0,0
new_plan_intro,,experimental,2023-06-22,0,0,4,0,0
other,,experimental,2023-05-15,1998,1316,10133,431,2720
affiliate_landing,,experimental,2023-05-23,33,15,878,2,36
affiliate_plan_finder_select_mno,a-bly,experimental,2023-06-20,53,8,499,1,53
affiliate_landing,banksalad,control,2023-06-23,0,0,26,0,0
affiliate_landing,paybooc,control,2023-06-25,2,0,41,0,2
affiliate_plan_finder_result,paybooc,experimental,2023-06-17,2,0,2,0,2
other,,,2023-04-13,0,0,1,0,0
short_plan_finder_intro,,control,2023-06-25,0,0,7,1,0
affiliate_landing,,experimental,2023-06-15,0,0,1,0,0
affiliate_plan_finder_result,,experimental,2023-04-16,0,1,2,0,1
affiliate_plan_finder_result,banksalad,experimental,2023-06-25,0,0,4,0,0
new_plan_intro,,,2023-06-08,0,0,1,0,0
affiliate_plan_finder_select_mno,,control,2023-04-18,2,0,3,1,2
affiliate_plan_finder_select_mno,finnq,experimental,2023-06-13,1,0,4,0,1
short_plan_finder_intro,,experimental,2023-06-28,0,0,1,0,0
affiliate_plan_finder_result,paybooc,control,2023-06-29,0,0,1,0,0
short_plan_finder_intro,,experimental,2023-06-05,4,2,164,1,6
new_plan_intro,,experimental,2023-04-30,45,55,131,15,66
event_detail,,experimental,2023-06-04,41,3,518,1,42
affiliate_landing,paybooc,control,2023-06-23,1,0,41,0,1
affiliate_plan_finder_select_mno,paybooc,experimental,2023-06-14,21,6,205,1,21
short_plan_finder_intro,,control,2023-06-24,1,1,4,0,1
affiliate_plan_finder_select_mno,paybooc,control,2023-06-02,1,0,3,0,1
event_detail,,control,2023-06-18,0,0,1,0,0
affiliate_landing,finnq,control,2023-06-11,0,1,7,0,1
affiliate_plan_finder_result,a-bly,experimental,2023-06-22,0,0,5,0,0
affiliate_plan_finder_result,,control,2023-06-17,1,0,1,0,1
affiliate_plan_finder_result,,control,2023-06-04,0,1,1,0,1
affiliate_landing,,,2023-05-16,0,0,1,0,0
affiliate_landing,,experimental,2023-05-02,52,35,3568,5,78
affiliate_landing,,control,2023-05-06,1,1,288,0,2
new_plan_intro,,experimental,2023-06-06,2,2,86,0,5
new_plan_intro,,experimental,2023-06-08,4,3,142,0,6
affiliate_landing,finnq,control,2023-05-31,0,0,9,0,0
affiliate_plan_finder_result,,control,2023-06-15,0,0,3,0,0
affiliate_landing,finnq,experimental,2023-06-08,7,1,67,0,7
affiliate_plan_finder_select_mno,paybooc,control,2023-06-30,0,0,4,2,0
affiliate_plan_finder_select_mno,banksalad,experimental,2023-06-20,0,0,1,0,0
short_plan_finder_intro,,control,2023-06-23,2,2,11,0,2
affiliate_landing,joongna,control,2023-05-27,0,0,3,0,0
affiliate_landing,,experimental,2023-04-30,45,26,2288,6,64
other,,experimental,2023-06-22,1661,1245,13467,479,2291
other,,experimental,2023-06-20,1722,1387,12777,477,2471
affiliate_landing,paybooc,experimental,2023-06-18,13,1,202,2,14
event_detail,,experimental,2023-06-30,3,110,777,0,113
affiliate_plan_finder_select_mno,,control,2023-04-16,1,0,6,0,1
affiliate_plan_finder_select_mno,,experimental,2023-05-07,4,1,77,3,5
new_plan_intro,,control,2023-05-03,0,1,1,0,1
event_detail,,experimental,2023-05-14,0,1,159,0,1
affiliate_plan_finder_select_mno,,experimental,2023-04-24,3,1,40,0,3
affiliate_plan_finder_select_mno,,control,2023-05-13,0,0,2,0,0
event_detail,,experimental,2023-05-20,0,0,80,0,0
affiliate_landing,paybooc,control,2023-06-03,2,1,49,0,2
affiliate_plan_finder_result,banksalad,experimental,2023-06-24,0,0,2,0,0
event_detail,,experimental,2023-06-09,0,0,1,0,0
affiliate_plan_finder_select_mno,paybooc,,2023-06-21,0,0,1,0,0
new_plan_intro,,experimental,2023-05-07,11,7,99,1,18
other,,experimental,2023-05-31,2328,1394,10493,529,3019
affiliate_landing,,experimental,2023-05-14,24,5,1072,5,25
other,,control,2023-04-14,234,162,1392,46,331
short_plan_finder_intro,,experimental,2023-06-15,27,7,320,1,30
affiliate_plan_finder_select_mno,finnq,experimental,2023-06-27,9,3,75,0,10
affiliate_landing,finnq,experimental,2023-05-26,10,7,116,0,12
affiliate_plan_finder_select_mno,,experimental,2023-05-04,7,6,91,0,11
affiliate_landing,finnq,experimental,2023-06-09,7,2,86,1,8
affiliate_landing,banksalad,experimental,2023-05-31,1,1,1,0,1
affiliate_plan_finder_select_mno,,control,2023-04-28,1,1,8,0,2
affiliate_plan_finder_select_mno,paybooc,control,2023-06-17,0,0,1,0,0
affiliate_landing,banksalad,control,2023-06-21,0,0,1,0,0
affiliate_landing,,control,2023-06-17,0,0,2,0,0
affiliate_landing,,experimental,2023-05-25,0,0,1,0,0
affiliate_plan_finder_result,finnq,experimental,2023-06-14,0,0,1,0,0
affiliate_landing,,experimental,2023-04-18,76,39,3281,12,94
affiliate_landing,,experimental,2023-04-29,40,29,2556,3,61
event_detail,,experimental,2023-06-22,1,2,511,0,3
other,,control,2023-04-11,133,81,756,25,222
affiliate_landing,a-bly,control,2023-06-26,2,0,42,0,2
affiliate_plan_finder_select_mno,paybooc,control,2023-06-03,1,1,3,0,1
affiliate_landing,finnq,control,2023-06-07,0,0,7,0,0
affiliate_plan_finder_select_mno,a-bly,control,2023-06-16,0,0,1,0,0
affiliate_plan_finder_select_mno,banksalad,experimental,2023-06-21,0,0,1,0,0
other,,control,2023-05-10,234,136,1151,35,305
other,,experimental,2023-04-13,2528,1827,12991,388,3741
affiliate_landing,,control,2023-05-04,6,1,316,1,7
affiliate_landing,,control,2023-05-16,3,2,193,0,5
affiliate_landing,paybooc,control,2023-05-25,2,0,110,2,2
event_detail,,control,2023-06-27,0,0,54,0,0
new_plan_intro,,experimental,2023-06-20,1,2,9,1,2
affiliate_plan_finder_select_mno,paybooc,experimental,2023-06-24,16,6,310,2,16
affiliate_plan_finder_result,paybooc,experimental,2023-06-26,3,3,10,0,3
event_detail,,control,2023-06-26,0,0,27,0,0
affiliate_landing,,control,2023-06-20,0,0,1,0,0
affiliate_plan_finder_result,,control,2023-06-26,0,0,1,0,0
affiliate_landing,finnq,control,2023-05-23,1,0,4,0,1
affiliate_plan_finder_select_mno,joongna,experimental,2023-06-22,0,0,1,0,0
affiliate_plan_finder_select_mno,,control,2023-05-24,0,0,1,0,0
short_plan_finder_intro,,,2023-06-11,0,0,1,0,0
other,,experimental,2023-05-03,2089,1426,11349,422,2940
other,,control,2023-04-22,227,99,934,58,286
other,,control,2023-05-25,154,140,895,40,227
affiliate_landing,a-bly,experimental,2023-06-16,44,4,821,0,47
new_plan_intro,,experimental,2023-05-18,3,3,93,0,5
affiliate_plan_finder_select_mno,,,2023-04-09,0,2,34,0,2
affiliate_landing,finnq,experimental,2023-06-18,4,0,54,1,4
affiliate_plan_finder_result,,control,2023-06-13,0,0,1,0,0
affiliate_plan_finder_select_mno,,,2023-04-08,0,0,26,1,0
affiliate_landing,joongna,control,2023-05-24,0,0,1,0,0
affiliate_landing,finnq,control,2023-06-10,1,1,7,1,1
affiliate_plan_finder_select_mno,a-bly,control,2023-06-26,0,0,3,0,0
affiliate_plan_finder_result,finnq,experimental,2023-06-16,1,0,1,0,1
affiliate_plan_finder_select_mno,paybooc,control,2023-06-13,0,0,1,0,0
other,,experimental,2023-05-17,1729,1092,10289,329,2397
other,,experimental,2023-05-30,2026,1357,9931,455,2789
other,,control,2023-04-26,279,213,1467,63,408
affiliate_landing,,control,2023-04-20,10,8,364,0,17
event_detail,,experimental,2023-05-30,35,5,367,0,35
affiliate_landing,,control,2023-05-10,7,1,303,1,9
affiliate_landing,paybooc,control,2023-06-21,3,1,67,2,3
affiliate_plan_finder_select_mno,,experimental,2023-05-18,4,0,27,2,4
affiliate_plan_finder_select_mno,,experimental,2023-04-14,5,2,23,0,5
affiliate_plan_finder_select_mno,,control,2023-04-12,0,0,6,0,0
affiliate_landing,,experimental,2023-05-26,0,0,3,0,0
affiliate_plan_finder_result,paybooc,experimental,2023-05-26,0,0,1,0,0
other,,,2023-06-05,0,0,5,0,0
affiliate_plan_finder_result,finnq,experimental,2023-06-01,1,1,1,0,1
other,,control,2023-05-09,234,159,1185,45,324
affiliate_landing,finnq,experimental,2023-06-05,4,3,66,2,7
affiliate_landing,,experimental,2023-05-11,31,17,1314,9,38
other,,control,2023-05-22,215,177,1292,40,333
affiliate_landing,,control,2023-05-03,4,4,329,0,6
affiliate_landing,a-bly,control,2023-06-17,0,0,44,0,0
affiliate_landing,paybooc,control,2023-06-06,2,0,35,0,2
affiliate_landing,a-bly,control,2023-06-19,1,0,47,0,1
affiliate_plan_finder_select_mno,finnq,experimental,2023-06-25,3,0,47,0,3
affiliate_plan_finder_select_mno,a-bly,control,2023-06-13,0,0,4,0,0
affiliate_landing,,experimental,2023-06-08,0,0,3,0,1
short_plan_finder_intro,,experimental,2023-06-29,0,0,1,0,0
affiliate_plan_finder_select_mno,,control,2023-05-23,1,1,2,0,1
affiliate_plan_finder_select_mno,a-bly,control,2023-06-24,0,0,2,0,0
affiliate_landing,,experimental,2023-04-07,0,0,2,0,0
affiliate_plan_finder_select_mno,finnq,control,2023-06-17,0,0,1,0,0
other,,experimental,2023-04-16,1461,1171,8811,213,2229
other,,,2023-06-29,0,0,24,0,0
affiliate_plan_finder_select_mno,,control,2023-05-25,0,0,2,0,0
other,,,2023-05-15,0,0,1,0,0
affiliate_landing,finnq,control,2023-06-13,1,0,8,0,1
affiliate_plan_finder_result,paybooc,experimental,2023-06-29,1,1,5,0,1
affiliate_landing,,control,2023-06-23,0,0,1,0,0
other,,experimental,2023-05-23,1739,1437,10794,402,2658
short_plan_finder_intro,,experimental,2023-06-18,18,5,212,0,22
affiliate_landing,paybooc,experimental,2023-06-05,22,4,437,4,25
event_detail,,experimental,2023-05-27,5,2,171,0,6
affiliate_plan_finder_select_mno,,experimental,2023-04-11,2,0,9,0,2
affiliate_landing,finnq,experimental,2023-05-25,6,3,119,1,8
affiliate_plan_finder_select_mno,paybooc,experimental,2023-06-12,1,1,17,0,1
affiliate_landing,a-bly,control,2023-06-23,0,0,34,0,0
affiliate_plan_finder_result,a-bly,experimental,2023-06-18,1,0,4,0,1
affiliate_plan_finder_result,a-bly,experimental,2023-06-16,3,0,11,0,3
other,,,2023-05-26,0,0,1,0,0
other,,,2023-04-17,0,0,1,0,0
affiliate_plan_finder_select_mno,paybooc,control,2023-06-04,0,0,1,0,0
affiliate_landing,,control,2023-04-09,0,0,1,0,0
other,,control,2023-04-28,267,165,1179,74,360
other,,experimental,2023-06-07,1958,1359,11054,503,2719
other,,experimental,2023-05-21,1011,907,7124,212,1622
affiliate_plan_finder_select_mno,,experimental,2023-05-09,5,3,58,0,6
affiliate_landing,,control,2023-04-23,7,6,320,0,9
new_plan_intro,,experimental,2023-05-02,9,11,55,3,16
affiliate_plan_finder_select_mno,a-bly,control,2023-06-30,0,0,5,0,0
affiliate_landing,finnq,control,2023-06-24,1,0,10,0,1
affiliate_landing,,,2023-05-17,0,0,1,0,0
affiliate_landing,a-bly,control,2023-06-20,2,2,35,0,3
affiliate_plan_finder_result,,control,2023-06-19,1,0,2,0,1
event_detail,,control,2023-05-19,0,0,1,0,0
new_plan_intro,,experimental,2023-05-26,1,1,11,0,1
affiliate_landing,,control,2023-06-19,0,0,1,0,0
affiliate_plan_finder_result,,experimental,2023-04-21,0,0,1,0,0
affiliate_plan_finder_select_mno,paybooc,control,2023-06-23,1,1,3,0,1
other,,experimental,2023-05-24,1752,1258,9655,444,2527
affiliate_plan_finder_select_mno,paybooc,experimental,2023-06-13,12,4,146,4,13
other,,control,2023-05-05,176,132,932,21,254
affiliate_plan_finder_select_mno,,experimental,2023-04-29,2,2,52,0,4
affiliate_plan_finder_select_mno,,experimental,2023-05-10,10,4,80,2,11
event_detail,,experimental,2023-05-28,20,5,294,2,20
affiliate_plan_finder_result,a-bly,experimental,2023-06-30,1,2,34,0,2
affiliate_plan_finder_result,paybooc,experimental,2023-06-30,0,2,28,0,2
affiliate_landing,finnq,control,2023-06-19,0,0,6,0,0
affiliate_plan_finder_select_mno,paybooc,control,2023-06-22,0,0,1,0,0
affiliate_plan_finder_result,,experimental,2023-04-18,0,0,1,0,0
event_detail,,control,2023-05-17,0,1,1,0,1
affiliate_plan_finder_select_mno,,control,2023-04-21,0,0,4,0,0
event_detail,,experimental,2023-06-10,0,0,1,0,0
other,,experimental,2023-05-20,1109,898,7179,230,1699
other,,experimental,2023-06-04,1194,881,7521,212,1684
affiliate_landing,a-bly,control,2023-06-15,3,1,103,0,3
event_detail,,experimental,2023-06-16,1,7,356,0,8
affiliate_landing,paybooc,control,2023-05-29,2,0,116,0,2
affiliate_plan_finder_select_mno,banksalad,experimental,2023-06-28,19,7,192,3,21
other,,control,2023-04-07,0,0,210,0,58
affiliate_plan_finder_select_mno,,experimental,2023-05-14,6,1,24,1,6
affiliate_landing,joongna,experimental,2023-05-24,1,2,18,0,2
affiliate_plan_finder_select_mno,a-bly,control,2023-06-28,0,0,6,0,0
affiliate_plan_finder_result,finnq,experimental,2023-06-19,0,0,2,0,0
new_plan_intro,,experimental,2023-06-28,0,0,4,0,0
affiliate_plan_finder_select_mno,a-bly,control,2023-06-22,0,0,6,0,0
affiliate_plan_finder_select_mno,,control,2023-05-19,0,0,4,0,0
affiliate_landing,,,2023-04-14,0,0,1,0,0
other,,control,2023-06-08,189,136,1123,33,255
other,,experimental,2023-06-23,1599,1141,11460,492,2191
other,,control,2023-05-26,166,98,962,37,228
affiliate_landing,paybooc,control,2023-06-09,1,0,38,1,1
affiliate_plan_finder_select_mno,a-bly,experimental,2023-06-22,36,16,479,0,43
affiliate_plan_finder_select_mno,paybooc,experimental,2023-06-21,22,8,521,1,26
affiliate_plan_finder_select_mno,a-bly,experimental,2023-06-19,13,1,119,0,14
affiliate_plan_finder_result,,experimental,2023-05-07,1,1,3,1,1
affiliate_landing,banksalad,experimental,2023-06-01,3,1,9,0,3
affiliate_plan_finder_result,,experimental,2023-04-14,0,0,2,0,0
affiliate_plan_finder_result,,experimental,2023-05-13,0,1,2,0,1
affiliate_landing,,control,2023-06-15,0,0,4,0,0
affiliate_landing,,experimental,2023-06-09,0,0,3,0,0
event_detail,,control,2023-05-15,0,0,1,0,0
affiliate_landing,,,2023-05-23,0,0,1,0,0
other,,experimental,2023-05-28,1185,778,6438,229,1647
other,,experimental,2023-05-02,2377,1692,12229,526,3452
other,,control,2023-06-24,144,91,925,20,188
affiliate_plan_finder_select_mno,finnq,experimental,2023-06-29,7,4,59,0,9
other,,control,2023-06-21,189,151,1323,60,261
affiliate_landing,a-bly,control,2023-06-28,2,1,81,0,3
affiliate_plan_finder_select_mno,a-bly,experimental,2023-06-25,33,7,509,1,34
affiliate_plan_finder_select_mno,finnq,experimental,2023-06-26,3,3,83,1,4
affiliate_landing,banksalad,experimental,2023-06-19,0,1,1,0,1
short_plan_finder_intro,,control,2023-06-09,2,1,40,0,3
affiliate_plan_finder_select_mno,,control,2023-05-17,0,0,2,0,0
affiliate_landing,,control,2023-06-18,0,0,1,0,0
new_plan_intro,,experimental,2023-06-17,0,0,5,0,0
affiliate_plan_finder_select_mno,,control,2023-05-27,1,0,5,0,1
affiliate_plan_finder_result,,experimental,2023-05-10,0,0,1,0,0
affiliate_plan_finder_select_mno,finnq,experimental,2023-06-08,0,0,1,0,0
affiliate_plan_finder_select_mno,,control,2023-05-30,0,0,4,0,0
affiliate_landing,,experimental,2023-04-24,56,36,3042,7,77
affiliate_landing,,control,2023-04-16,8,5,348,1,9
other,,control,2023-06-06,154,124,894,36,223
event_detail,,experimental,2023-06-19,0,5,527,0,5
event_detail,,experimental,2023-06-21,1,14,592,1,15
affiliate_landing,a-bly,control,2023-06-13,1,1,119,0,3
affiliate_landing,joongna,experimental,2023-05-26,4,6,24,2,8
affiliate_landing,finnq,control,2023-06-14,0,0,6,0,0
affiliate_plan_finder_select_mno,banksalad,control,2023-06-26,0,0,2,0,0
short_plan_finder_intro,,,2023-06-08,0,0,1,0,0
other,,experimental,2023-06-15,1984,1353,10887,527,2631
event_detail,,experimental,2023-05-23,0,0,92,0,0
short_plan_finder_intro,,control,2023-06-13,4,1,39,0,4
affiliate_landing,finnq,control,2023-05-24,1,1,16,0,1
affiliate_plan_finder_select_mno,,control,2023-04-23,0,0,3,0,0
affiliate_plan_finder_result,banksalad,experimental,2023-06-28,1,0,1,0,1
affiliate_plan_finder_select_mno,paybooc,control,2023-05-31,1,0,1,0,1
other,,experimental,2023-06-30,1087,799,9005,199,1435
affiliate_landing,paybooc,control,2023-06-04,1,0,38,0,1
short_plan_finder_intro,,control,2023-06-04,0,0,38,0,0
affiliate_landing,joongna,control,2023-05-31,1,0,6,0,1
affiliate_landing,paybooc,control,2023-06-13,1,1,39,0,1
affiliate_landing,finnq,control,2023-06-04,1,0,6,0,1
affiliate_landing,finnq,experimental,2023-06-12,3,1,65,1,3
affiliate_plan_finder_select_mno,,experimental,2023-05-05,9,8,94,0,12
affiliate_plan_finder_select_mno,,experimental,2023-04-18,1,0,28,1,1
affiliate_plan_finder_select_mno,,control,2023-05-06,1,1,12,0,1
short_plan_finder_intro,,control,2023-06-17,2,2,25,0,2
affiliate_landing,finnq,control,2023-06-21,0,1,7,0,1
new_plan_intro,,,2023-06-07,0,0,1,0,0
affiliate_landing,,control,2023-06-26,0,0,2,0,0
affiliate_plan_finder_result,paybooc,experimental,2023-06-25,0,1,3,0,1
other,,experimental,2023-04-09,1,0,2313,1,575
affiliate_landing,,experimental,2023-05-18,26,6,1145,4,29
affiliate_landing,finnq,experimental,2023-06-01,7,3,104,2,8
affiliate_landing,,experimental,2023-05-09,50,22,2452,8,61
other,,control,2023-04-25,330,253,1564,77,463
affiliate_landing,paybooc,experimental,2023-06-12,16,3,327,3,16
affiliate_landing,paybooc,experimental,2023-06-08,17,8,389,1,20
affiliate_landing,paybooc,experimental,2023-05-26,22,5,961,5,24
short_plan_finder_intro,,experimental,2023-06-16,22,9,171,1,24
affiliate_plan_finder_select_mno,banksalad,experimental,2023-06-30,8,27,129,1,33
event_detail,,experimental,2023-05-21,0,0,97,0,0
new_plan_intro,,experimental,2023-05-22,9,6,125,0,13
affiliate_landing,finnq,control,2023-06-06,0,0,4,0,0
affiliate_plan_finder_select_mno,finnq,control,2023-06-28,0,0,2,0,0
affiliate_plan_finder_result,a-bly,experimental,2023-06-25,0,0,7,0,0
affiliate_landing,a-bly,experimental,2023-06-08,0,0,1,0,0
affiliate_plan_finder_result,paybooc,experimental,2023-06-12,1,1,1,0,1
affiliate_plan_finder_result,,,2023-04-10,0,0,3,0,0
new_plan_intro,,control,2023-06-23,0,0,1,0,0
other,,experimental,2023-05-07,1218,920,6635,213,1804
other,,control,2023-05-31,238,169,1158,72,318
affiliate_landing,,control,2023-04-18,7,7,385,1,10
affiliate_plan_finder_select_mno,,experimental,2023-05-08,6,4,75,1,8
affiliate_landing,,control,2023-05-14,2,2,149,0,3
short_plan_finder_intro,,experimental,2023-06-19,16,5,215,0,17
affiliate_plan_finder_select_mno,finnq,experimental,2023-06-02,0,0,2,0,0
affiliate_landing,a-bly,experimental,2023-06-12,2,1,8,0,2
affiliate_plan_finder_select_mno,,control,2023-05-21,0,0,3,0,0
new_plan_intro,,experimental,2023-06-09,0,0,1,0,0
new_plan_intro,,,2023-05-06,0,0,1,0,0
new_plan_intro,,experimental,2023-05-01,17,16,78,3,25
other,,experimental,2023-04-11,1205,867,7549,333,2205
new_plan_intro,,experimental,2023-05-14,16,17,231,0,33
affiliate_plan_finder_select_mno,,experimental,2023-04-12,2,2,60,1,3
other,,control,2023-06-26,196,144,1302,76,268
affiliate_landing,,experimental,2023-05-16,28,12,1554,7,32
event_detail,,experimental,2023-06-23,1,4,539,0,4
affiliate_landing,a-bly,control,2023-06-30,0,1,53,0,1
other,,,2023-05-27,0,0,9,0,0
affiliate_landing,finnq,experimental,2023-06-03,0,1,65,0,1
affiliate_plan_finder_result,a-bly,experimental,2023-06-21,0,0,6,0,0
other,,,2023-05-25,0,0,2,0,0
affiliate_plan_finder_select_mno,,control,2023-04-30,1,0,4,0,1
affiliate_plan_finder_select_mno,paybooc,experimental,2023-05-31,1,0,1,0,1
other,,,2023-06-09,0,0,1,0,0
other,,experimental,2023-06-02,2217,1494,12342,535,3108
affiliate_landing,,experimental,2023-04-20,60,26,3326,9,77
affiliate_landing,,experimental,2023-05-22,44,16,1148,9,47
affiliate_landing,,control,2023-04-22,6,2,363,0,7
affiliate_plan_finder_select_mno,paybooc,experimental,2023-06-28,16,4,378,4,19
event_detail,,experimental,2023-06-01,33,2,451,2,33
affiliate_plan_finder_select_mno,,experimental,2023-04-25,4,2,49,1,5
event_detail,,experimental,2023-06-27,0,0,52,0,0
affiliate_landing,paybooc,control,2023-06-30,0,0,19,0,0
event_detail,,control,2023-06-25,0,0,3,0,0
affiliate_landing,,,2023-04-12,0,0,1,0,0
other,,control,2023-05-16,214,168,1142,44,305
other,,experimental,2023-04-20,1918,1330,10020,568,2725
other,,control,2023-04-24,398,335,1908,98,618
affiliate_landing,paybooc,experimental,2023-06-10,13,6,400,2,15
event_detail,,experimental,2023-06-29,1,10,850,0,11
new_plan_intro,,experimental,2023-05-08,7,5,108,0,11
affiliate_landing,joongna,control,2023-05-30,0,0,4,0,0
affiliate_plan_finder_select_mno,a-bly,experimental,2023-06-17,5,2,16,0,5
affiliate_plan_finder_select_mno,finnq,control,2023-06-30,0,0,1,0,0
affiliate_plan_finder_select_mno,finnq,experimental,2023-06-12,0,0,2,0,0
event_detail,,control,2023-06-21,0,0,1,0,0
affiliate_plan_finder_select_mno,paybooc,control,2023-06-07,0,0,1,0,0
other,,experimental,2023-06-06,1419,1011,8267,336,1982
new_plan_intro,,experimental,2023-05-05,7,9,79,0,13
affiliate_landing,,experimental,2023-05-20,25,12,1040,3,32
short_plan_finder_intro,,control,2023-06-06,3,1,22,0,4
affiliate_landing,,,2023-04-08,26,42,3571,8,58
affiliate_plan_finder_select_mno,,experimental,2023-04-27,6,0,71,0,6
affiliate_plan_finder_result,banksalad,experimental,2023-06-26,0,0,5,0,0
affiliate_landing,finnq,control,2023-05-28,0,1,9,0,1
short_plan_finder_intro,,experimental,2023-06-08,12,3,203,1,17
event_detail,,experimental,2023-05-17,5,4,1369,1,13
affiliate_plan_finder_select_mno,,experimental,2023-05-27,3,0,22,0,3
affiliate_plan_finder_select_mno,banksalad,experimental,2023-06-22,13,7,94,2,17
affiliate_landing,,control,2023-04-12,8,5,468,3,11
affiliate_plan_finder_select_mno,,control,2023-05-10,0,0,12,0,0
affiliate_plan_finder_result,paybooc,experimental,2023-06-15,2,0,4,1,2
affiliate_landing,finnq,control,2023-06-23,1,0,7,0,1
affiliate_plan_finder_result,,,2023-04-08,0,0,1,0,0
other,,experimental,2023-05-09,2083,1466,11002,363,2939
affiliate_landing,,experimental,2023-05-06,42,23,2664,10,53
new_plan_intro,,experimental,2023-05-13,8,7,383,0,11
affiliate_landing,joongna,control,2023-05-26,0,0,3,0,0
affiliate_plan_finder_select_mno,,experimental,2023-04-26,7,3,74,1,7
affiliate_landing,,control,2023-06-14,1,1,8,0,1
affiliate_plan_finder_select_mno,paybooc,experimental,2023-06-02,1,0,6,0,1
affiliate_plan_finder_result,a-bly,experimental,2023-06-28,0,0,9,0,0
affiliate_plan_finder_select_mno,a-bly,control,2023-06-27,1,1,3,0,1
affiliate_plan_finder_result,,control,2023-04-26,0,0,1,0,0
event_detail,,control,2023-06-04,0,0,1,0,0
affiliate_landing,,experimental,2023-05-13,32,11,1138,2,37
other,,control,2023-06-17,125,87,827,27,179
other,,control,2023-06-28,200,142,1229,45,251
other,,experimental,2023-06-27,1876,1433,11450,530,2534
short_plan_finder_intro,,control,2023-06-08,2,1,39,1,3
affiliate_landing,banksalad,control,2023-06-28,1,0,24,0,1
short_plan_finder_intro,,experimental,2023-06-07,10,3,73,1,12
affiliate_plan_finder_result,,control,2023-06-14,0,0,4,0,0
affiliate_plan_finder_result,paybooc,experimental,2023-06-23,1,0,5,0,1
affiliate_landing,finnq,control,2023-06-18,0,0,4,0,0
affiliate_plan_finder_select_mno,joongna,experimental,2023-06-30,0,0,1,0,0
affiliate_landing,a-bly,,2023-06-18,0,1,1,0,1
event_detail,,control,2023-06-15,1,1,1,0,1
new_plan_intro,,,2023-05-19,0,1,1,0,1
other,,experimental,2023-04-25,2960,2167,13596,688,4221
event_detail,,experimental,2023-05-18,4,4,690,0,7
other,,control,2023-06-13,240,162,1276,73,318
short_plan_finder_intro,,experimental,2023-06-04,4,1,425,0,4
affiliate_landing,paybooc,experimental,2023-06-04,26,7,444,0,29
affiliate_landing,paybooc,control,2023-06-01,0,0,97,0,0
affiliate_landing,a-bly,control,2023-06-29,1,1,79,0,1
affiliate_plan_finder_select_mno,,control,2023-04-24,1,0,8,0,1
affiliate_plan_finder_select_mno,finnq,control,2023-06-05,0,0,1,0,0
affiliate_plan_finder_select_mno,finnq,experimental,2023-06-15,0,0,1,0,0
